Nombre,Comentarios,Fecha,Ingresos,Prioridad,Terminado
Presentación de Métricas VISITAS AL PERFIL,,10 de febrero de 2026,,Terminado,
Generar Agentes automza,,13 de febrero de 2026,,Terminado,
Generar Agentes garage,,13 de febrero de 2026,,Terminado,
Generar Agentes joyasbylula,,13 de febrero de 2026,,Terminado,
Generar Agentes elitesport,,13 de febrero de 2026,,Terminado,
Buscar plataforma de metricas automaticas,,13 de febrero de 2026,,Terminado,
Comparar plataformas de E-commerce,,13 de febrero de 2026,,Terminado,
"Crear IG, FB y TikTok marca personal",,15 de febrero de 2026,,Terminado,
Grabar videos de configuración de cuenta publicitaria,,25 de febrero de 2026,,Terminado,
Testimonio de mi servicio (video y msj),,26 de febrero de 2026,,Terminado,
Cotización BLUMA,,30 de enero de 2026,,Terminado,
RMN creativos/ Catálogo,,30 de enero de 2026,,Terminado,
Configuración Bluma,,6 de febrero de 2026,,Terminado,
Creativos GTA,,6 de febrero de 2026,,Terminado,
Chatbot GT,,13 de febrero de 2026,,Terminado,
Generar Agentes rispoli teens,,13 de febrero de 2026,,Terminado,
Generar Agentes bluma,,12 de febrero de 2026,,Terminado,
Guiones bluma,,11 de febrero de 2026,,Terminado,
REPORTE NOIRPRESS,,11 de marzo de 2026,NOIRPRESS (https://app.notion.com/p/NOIRPRESS-2ce9627eeeff8090a5afeae41f149996?pvs=21),Terminado,
REPORTE AUTOMENDOZA,,9 de marzo de 2026,AUTOMENDOZA (https://app.notion.com/p/AUTOMENDOZA-2ce9627eeeff80b5ab8fc39167cb7571?pvs=21),Terminado,
CREATIVOS AUTOMENDOZA,,6 de abril de 2026,AUTOMENDOZA (https://app.notion.com/p/AUTOMENDOZA-2ce9627eeeff80b5ab8fc39167cb7571?pvs=21),Terminado,
PROBAR CHATBOT,DOC CON FALLAS,18 de marzo de 2026,GOLDTECH (https://app.notion.com/p/GOLDTECH-2949627eeeff81879685ddccf9286eec?pvs=21),Terminado,
CARGAR STOCK ACCESORIOS,CREAR BASE DE DATOS DE COTIZACIONES Y CARGAR EL STOCK,12 de marzo de 2026,GOLDTECH (https://app.notion.com/p/GOLDTECH-2949627eeeff81879685ddccf9286eec?pvs=21),Terminado,
CA RISPOLI VIAJES GENERAL,,9 de marzo de 2026,RISPOLI VIAJES (https://app.notion.com/p/RISPOLI-VIAJES-3179627eeeff80ba8a88f07335737229?pvs=21),Terminado,
CA RISPOLI TEENS GENERAL,,16 de marzo de 2026,RISPOLI TEENS (https://app.notion.com/p/RISPOLI-TEENS-3029627eeeff80fe8bf6c7d3ff151bff?pvs=21),Terminado,
REUNION THE ROSS METRICAS,,9 de marzo de 2026,THE ROSS (https://app.notion.com/p/THE-ROSS-2949627eeeff81a98e21d8627c0c1067?pvs=21),Terminado,
REPORTE GARAGE,,9 de marzo de 2026,GARAGE (https://app.notion.com/p/GARAGE-2ce9627eeeff805eba21ee3342494772?pvs=21),Terminado,
ESTRATEGIA MKT Y NUEVOS CREATIVOS,,9 de marzo de 2026,GOLDTECH (https://app.notion.com/p/GOLDTECH-2949627eeeff81879685ddccf9286eec?pvs=21),Terminado,
REMERAS NUEVAS,,12 de marzo de 2026,RAMINI (https://app.notion.com/p/RAMINI-2d59627eeeff8069a211e8473727a0ba?pvs=21),Terminado,
FORMATO PLACAS INMOBILIARIA,,9 de marzo de 2026,Inmobiliaria Obregón (https://app.notion.com/p/Inmobiliaria-Obreg-n-30c9627eeeff80e0b22cca9b9c6ee3d2?pvs=21),Terminado,
VER CREATIVOS,,9 de marzo de 2026,BLUMA PRODUCCIONES (https://app.notion.com/p/BLUMA-PRODUCCIONES-2f79627eeeff80cabbbcdadabe6387b8?pvs=21),Terminado,
AGREGAR SALDO CON MP,,10 de marzo de 2026,RISPOLI VIAJES (https://app.notion.com/p/RISPOLI-VIAJES-3179627eeeff80ba8a88f07335737229?pvs=21),Terminado,
APAGAR CA NQN,,11 de marzo de 2026,RISPOLI TEENS (https://app.notion.com/p/RISPOLI-TEENS-3029627eeeff80fe8bf6c7d3ff151bff?pvs=21),Terminado,
AGREGAR IMPORTE GASTADO SEMANAL,,11 de marzo de 2026,COMPARA SOFTWARE (https://app.notion.com/p/COMPARA-SOFTWARE-2ee9627eeeff8054adbbdb46e4455de0?pvs=21),Terminado,
SHEET LEADS DEL 1 AL 10 E HISTORICO,Mandar por mail,11 de marzo de 2026,COMPARA SOFTWARE (https://app.notion.com/p/COMPARA-SOFTWARE-2ee9627eeeff8054adbbdb46e4455de0?pvs=21),Terminado,
AJUSTAR PRESUPUESTO 70USD DIARIOS,,10 de marzo de 2026,COMPARA SOFTWARE (https://app.notion.com/p/COMPARA-SOFTWARE-2ee9627eeeff8054adbbdb46e4455de0?pvs=21),Terminado,
CA LA RIOJA,,13 de marzo de 2026,RISPOLI TEENS (https://app.notion.com/p/RISPOLI-TEENS-3029627eeeff80fe8bf6c7d3ff151bff?pvs=21),Terminado,
CARGAR STOCK IPHONE,CREAR BASE DE DATOS DE COTIZACIONES Y CARGAR EL STOCK,12 de marzo de 2026,GOLDTECH (https://app.notion.com/p/GOLDTECH-2949627eeeff81879685ddccf9286eec?pvs=21),Terminado,
CA CATAMARCA,,13 de marzo de 2026,RISPOLI TEENS (https://app.notion.com/p/RISPOLI-TEENS-3029627eeeff80fe8bf6c7d3ff151bff?pvs=21),Terminado,
EVENTO LATAM FIELDS 2 ABRIL,,19 de marzo de 2026,COMPARA SOFTWARE (https://app.notion.com/p/COMPARA-SOFTWARE-2ee9627eeeff8054adbbdb46e4455de0?pvs=21),Terminado,
LEADS HISTORICO HASTA EL 1/3,,19 de marzo de 2026,COMPARA SOFTWARE (https://app.notion.com/p/COMPARA-SOFTWARE-2ee9627eeeff8054adbbdb46e4455de0?pvs=21),Terminado,
BASE DE DATOS COTIZACIONES IPHONE,,13 de marzo de 2026,GOLDTECH (https://app.notion.com/p/GOLDTECH-2949627eeeff81879685ddccf9286eec?pvs=21),Terminado,
CREATIVOS NOIRPRESS,,13 de marzo de 2026,NOIRPRESS (https://app.notion.com/p/NOIRPRESS-2ce9627eeeff8090a5afeae41f149996?pvs=21),Terminado,
Acceso sdeoto,,16 de marzo de 2026,COMPARA SOFTWARE (https://app.notion.com/p/COMPARA-SOFTWARE-2ee9627eeeff8054adbbdb46e4455de0?pvs=21),Terminado,
Acceso giorgivivi,,17 de marzo de 2026,Inmobiliaria Obregón (https://app.notion.com/p/Inmobiliaria-Obreg-n-30c9627eeeff80e0b22cca9b9c6ee3d2?pvs=21),Terminado,
Uso comp de datos wsp,,16 de marzo de 2026,GOLDTECH (https://app.notion.com/p/GOLDTECH-2949627eeeff81879685ddccf9286eec?pvs=21),Terminado,
lista de clientes y ca de ventas por wsp,,30 de marzo de 2026,GOLDTECH (https://app.notion.com/p/GOLDTECH-2949627eeeff81879685ddccf9286eec?pvs=21),Terminado,
ACTUALIZAR SHEETS MAU Y SANTI,,19 de marzo de 2026,COMPARA SOFTWARE (https://app.notion.com/p/COMPARA-SOFTWARE-2ee9627eeeff8054adbbdb46e4455de0?pvs=21),Terminado,
ANALISIS CA ACTUALES COMPARA,,23 de marzo de 2026,COMPARA SOFTWARE (https://app.notion.com/p/COMPARA-SOFTWARE-2ee9627eeeff8054adbbdb46e4455de0?pvs=21),Terminado,
CREAR CA OBREGON,,18 de marzo de 2026,Inmobiliaria Obregón (https://app.notion.com/p/Inmobiliaria-Obreg-n-30c9627eeeff80e0b22cca9b9c6ee3d2?pvs=21),Terminado,
CONECTAR WSP,,17 de marzo de 2026,Inmobiliaria Obregón (https://app.notion.com/p/Inmobiliaria-Obreg-n-30c9627eeeff80e0b22cca9b9c6ee3d2?pvs=21),Terminado,
ESTANDARIZAR CON EL FORM,,23 de marzo de 2026,COMPARA SOFTWARE (https://app.notion.com/p/COMPARA-SOFTWARE-2ee9627eeeff8054adbbdb46e4455de0?pvs=21),Terminado,
Lista de problemas + Solucion,,19 de marzo de 2026,GOLDTECH (https://app.notion.com/p/GOLDTECH-2949627eeeff81879685ddccf9286eec?pvs=21),Terminado,
Manual de tareas,,19 de marzo de 2026,GOLDTECH (https://app.notion.com/p/GOLDTECH-2949627eeeff81879685ddccf9286eec?pvs=21),Terminado,
apagar la rioja,,19 de marzo de 2026,RISPOLI TEENS (https://app.notion.com/p/RISPOLI-TEENS-3029627eeeff80fe8bf6c7d3ff151bff?pvs=21),Terminado,
CA GENERAL,,23 de marzo de 2026,Inmobiliaria Obregón (https://app.notion.com/p/Inmobiliaria-Obreg-n-30c9627eeeff80e0b22cca9b9c6ee3d2?pvs=21),Terminado,
Sheets stock,,20 de marzo de 2026,GOLDTECH (https://app.notion.com/p/GOLDTECH-2949627eeeff81879685ddccf9286eec?pvs=21),Terminado,
Sheets encargos,,20 de marzo de 2026,GOLDTECH (https://app.notion.com/p/GOLDTECH-2949627eeeff81879685ddccf9286eec?pvs=21),Terminado,
TUCUMAN APAGAR,,1 de abril de 2026,RISPOLI TEENS (https://app.notion.com/p/RISPOLI-TEENS-3029627eeeff80fe8bf6c7d3ff151bff?pvs=21),Terminado,
INV DE MERCADO,,26 de marzo de 2026,COMPARA SOFTWARE (https://app.notion.com/p/COMPARA-SOFTWARE-2ee9627eeeff8054adbbdb46e4455de0?pvs=21),Terminado,
CREATIVOS,,23 de marzo de 2026,COMPARA SOFTWARE (https://app.notion.com/p/COMPARA-SOFTWARE-2ee9627eeeff8054adbbdb46e4455de0?pvs=21),Terminado,
CAMPAÑAS GRAL COMPARA,,25 de marzo de 2026,COMPARA SOFTWARE (https://app.notion.com/p/COMPARA-SOFTWARE-2ee9627eeeff8054adbbdb46e4455de0?pvs=21),Terminado,
GUION VIDEO COMPARA,,30 de marzo de 2026,COMPARA SOFTWARE (https://app.notion.com/p/COMPARA-SOFTWARE-2ee9627eeeff8054adbbdb46e4455de0?pvs=21),Terminado,
CAMPAÑAS RISPOLI SAN LUIS,,25 de marzo de 2026,RISPOLI TEENS (https://app.notion.com/p/RISPOLI-TEENS-3029627eeeff80fe8bf6c7d3ff151bff?pvs=21),Terminado,
SHEET ACTUALIZAR,,26 de marzo de 2026,GOLDTECH (https://app.notion.com/p/GOLDTECH-2949627eeeff81879685ddccf9286eec?pvs=21),Terminado,
NQN APAGAR,,17 de abril de 2026,RISPOLI TEENS (https://app.notion.com/p/RISPOLI-TEENS-3029627eeeff80fe8bf6c7d3ff151bff?pvs=21),Terminado,
SAN LUIS APAGAR,,24 de abril de 2026,RISPOLI TEENS (https://app.notion.com/p/RISPOLI-TEENS-3029627eeeff80fe8bf6c7d3ff151bff?pvs=21),Terminado,
"CATAMARCA APAGAR ",,10 de abril de 2026,RISPOLI TEENS (https://app.notion.com/p/RISPOLI-TEENS-3029627eeeff80fe8bf6c7d3ff151bff?pvs=21),Terminado,
CAMPAÑAS RISPOLI ROSARIO,,27 de marzo de 2026,RISPOLI TEENS (https://app.notion.com/p/RISPOLI-TEENS-3029627eeeff80fe8bf6c7d3ff151bff?pvs=21),Terminado,
CHATBOT,,30 de marzo de 2026,GOLDTECH (https://app.notion.com/p/GOLDTECH-2949627eeeff81879685ddccf9286eec?pvs=21),Terminado,
"CA GENERAL DISNEY ",,27 de marzo de 2026,RISPOLI TEENS (https://app.notion.com/p/RISPOLI-TEENS-3029627eeeff80fe8bf6c7d3ff151bff?pvs=21),Terminado,
GOOGLE ADS,,29 de marzo de 2026,COMPARA SOFTWARE (https://app.notion.com/p/COMPARA-SOFTWARE-2ee9627eeeff8054adbbdb46e4455de0?pvs=21),Terminado,
nuevo fb,,30 de marzo de 2026,GO TRAVEL ACADEMY (https://app.notion.com/p/GO-TRAVEL-ACADEMY-2f29627eeeff80309a58d4ced486f125?pvs=21),Terminado,
ROSARIO APAGAR,,30 de abril de 2026,RISPOLI TEENS (https://app.notion.com/p/RISPOLI-TEENS-3029627eeeff80fe8bf6c7d3ff151bff?pvs=21),Terminado,
acceso meta,,6 de abril de 2026,GARAGE (https://app.notion.com/p/GARAGE-2ce9627eeeff805eba21ee3342494772?pvs=21),Terminado,
acceso meta,,7 de abril de 2026,AUTOMENDOZA (https://app.notion.com/p/AUTOMENDOZA-2ce9627eeeff80b5ab8fc39167cb7571?pvs=21),Terminado,
CA EVENTO BRASIL,,31 de marzo de 2026,COMPARA SOFTWARE (https://app.notion.com/p/COMPARA-SOFTWARE-2ee9627eeeff8054adbbdb46e4455de0?pvs=21),Terminado,
RRHH GOOGLE ADS,,9 de abril de 2026,COMPARA SOFTWARE (https://app.notion.com/p/COMPARA-SOFTWARE-2ee9627eeeff8054adbbdb46e4455de0?pvs=21),Terminado,
EVENTO LATAM FIELDS,,2 de abril de 2026,COMPARA SOFTWARE (https://app.notion.com/p/COMPARA-SOFTWARE-2ee9627eeeff8054adbbdb46e4455de0?pvs=21),Terminado,
PRESUPUESTO MEXICO GRAL,1 USD X DIA HASTA 20USD,3 de abril de 2026,COMPARA SOFTWARE (https://app.notion.com/p/COMPARA-SOFTWARE-2ee9627eeeff8054adbbdb46e4455de0?pvs=21),Terminado,
PROBLEMAS SOLUCIONES,proceso…,13 de abril de 2026,GOLDTECH (https://app.notion.com/p/GOLDTECH-2949627eeeff81879685ddccf9286eec?pvs=21),Terminado,
CA EVENTO BRASIL,,1 de abril de 2026,COMPARA SOFTWARE (https://app.notion.com/p/COMPARA-SOFTWARE-2ee9627eeeff8054adbbdb46e4455de0?pvs=21),Terminado,
CA CLIENTES PASADOS,,2 de abril de 2026,GOLDTECH (https://app.notion.com/p/GOLDTECH-2949627eeeff81879685ddccf9286eec?pvs=21),Terminado,
form condicional,esperar rango de precios,7 de abril de 2026,Inmobiliaria Obregón (https://app.notion.com/p/Inmobiliaria-Obreg-n-30c9627eeeff80e0b22cca9b9c6ee3d2?pvs=21),Terminado,
CREATIVOS THE ROSS,,3 de abril de 2026,THE ROSS (https://app.notion.com/p/THE-ROSS-2949627eeeff81a98e21d8627c0c1067?pvs=21),Terminado,
CARGAR SALDO,,2 de abril de 2026,GO TRAVEL ACADEMY (https://app.notion.com/p/GO-TRAVEL-ACADEMY-2f29627eeeff80309a58d4ced486f125?pvs=21),Terminado,
CAMPAÑA TRAFICO AL PERFIL,,2 de abril de 2026,GO TRAVEL ACADEMY (https://app.notion.com/p/GO-TRAVEL-ACADEMY-2f29627eeeff80309a58d4ced486f125?pvs=21),Terminado,
OPTIMIZAR ADS,,5 de abril de 2026,COMPARA SOFTWARE (https://app.notion.com/p/COMPARA-SOFTWARE-2ee9627eeeff8054adbbdb46e4455de0?pvs=21),Terminado,
apagar ca,,7 de abril de 2026,JOYASBYLULA (https://app.notion.com/p/JOYASBYLULA-2ce9627eeeff802e9070f02095ffb0a0?pvs=21),Terminado,
Palabras clave,,6 de abril de 2026,COMPARA SOFTWARE (https://app.notion.com/p/COMPARA-SOFTWARE-2ee9627eeeff8054adbbdb46e4455de0?pvs=21),Terminado,
aterrizaje web agregar marcas,,6 de abril de 2026,COMPARA SOFTWARE (https://app.notion.com/p/COMPARA-SOFTWARE-2ee9627eeeff8054adbbdb46e4455de0?pvs=21),Terminado,
REVISAR ADS Y BORRAR VIEJOS,,8 de abril de 2026,COMPARA SOFTWARE (https://app.notion.com/p/COMPARA-SOFTWARE-2ee9627eeeff8054adbbdb46e4455de0?pvs=21),Terminado,
Nuevas campañas salesforce,,7 de abril de 2026,COMPARA SOFTWARE (https://app.notion.com/p/COMPARA-SOFTWARE-2ee9627eeeff8054adbbdb46e4455de0?pvs=21),Terminado,
video feria,,7 de abril de 2026,GARAGE (https://app.notion.com/p/GARAGE-2ce9627eeeff805eba21ee3342494772?pvs=21),Terminado,
creativos,"retargeting y rop dep ",11 de abril de 2026,RAMINI (https://app.notion.com/p/RAMINI-2d59627eeeff8069a211e8473727a0ba?pvs=21),Terminado,
creativos,ca gral,11 de abril de 2026,Inmobiliaria Obregón (https://app.notion.com/p/Inmobiliaria-Obreg-n-30c9627eeeff80e0b22cca9b9c6ee3d2?pvs=21),Terminado,
Ver sheets vtas con filtro o separado,,7 de abril de 2026,GOLDTECH (https://app.notion.com/p/GOLDTECH-2949627eeeff81879685ddccf9286eec?pvs=21),Terminado,
ca the ross,,13 de abril de 2026,THE ROSS (https://app.notion.com/p/THE-ROSS-2949627eeeff81a98e21d8627c0c1067?pvs=21),Terminado,
Reporte metricas,,10 de abril de 2026,GOLDTECH (https://app.notion.com/p/GOLDTECH-2949627eeeff81879685ddccf9286eec?pvs=21),Terminado,
Reporte metricas,,10 de abril de 2026,Inmobiliaria Obregón (https://app.notion.com/p/Inmobiliaria-Obreg-n-30c9627eeeff80e0b22cca9b9c6ee3d2?pvs=21),Terminado,
Reporte metricas,,10 de abril de 2026,RAMINI (https://app.notion.com/p/RAMINI-2d59627eeeff8069a211e8473727a0ba?pvs=21),Terminado,
Reporte metricas,,,GARAGE (https://app.notion.com/p/GARAGE-2ce9627eeeff805eba21ee3342494772?pvs=21),Terminado,
Reporte metricas,,9 de abril de 2026,AUTOMENDOZA (https://app.notion.com/p/AUTOMENDOZA-2ce9627eeeff80b5ab8fc39167cb7571?pvs=21),Terminado,
Reporte metricas,,,THE ROSS (https://app.notion.com/p/THE-ROSS-2949627eeeff81a98e21d8627c0c1067?pvs=21),Terminado,
Reporte metricas,,,GO TRAVEL ACADEMY (https://app.notion.com/p/GO-TRAVEL-ACADEMY-2f29627eeeff80309a58d4ced486f125?pvs=21),Terminado,
Reporte metricas,,,RISPOLI TEENS (https://app.notion.com/p/RISPOLI-TEENS-3029627eeeff80fe8bf6c7d3ff151bff?pvs=21),Terminado,
Reporte metricas,,,RISPOLI VIAJES (https://app.notion.com/p/RISPOLI-VIAJES-3179627eeeff80ba8a88f07335737229?pvs=21),Terminado,
Reporte metricas,,,NOIRPRESS (https://app.notion.com/p/NOIRPRESS-2ce9627eeeff8090a5afeae41f149996?pvs=21),Terminado,
creativos gta,,8 de abril de 2026,GO TRAVEL ACADEMY (https://app.notion.com/p/GO-TRAVEL-ACADEMY-2f29627eeeff80309a58d4ced486f125?pvs=21),Terminado,
PAULA OIKOS ACCESO,,9 de abril de 2026,PAULA OIKOS (https://app.notion.com/p/PAULA-OIKOS-3139627eeeff80b78c04e205c32fb55f?pvs=21),Terminado,
pasar de max clics a conv,,16 de abril de 2026,COMPARA SOFTWARE (https://app.notion.com/p/COMPARA-SOFTWARE-2ee9627eeeff8054adbbdb46e4455de0?pvs=21),Terminado,
salesforce controlar cant leads,,13 de abril de 2026,COMPARA SOFTWARE (https://app.notion.com/p/COMPARA-SOFTWARE-2ee9627eeeff8054adbbdb46e4455de0?pvs=21),Terminado,
"creativos ",ca gral y ca toma de prop,11 de abril de 2026,PAULA OIKOS (https://app.notion.com/p/PAULA-OIKOS-3139627eeeff80b78c04e205c32fb55f?pvs=21),Terminado,
FACTURA USADOS SHEET,proceso…,13 de abril de 2026,GOLDTECH (https://app.notion.com/p/GOLDTECH-2949627eeeff81879685ddccf9286eec?pvs=21),Terminado,
aumentar presupuesto 50%,,13 de abril de 2026,COMPARA SOFTWARE (https://app.notion.com/p/COMPARA-SOFTWARE-2ee9627eeeff8054adbbdb46e4455de0?pvs=21),Terminado,
sheet vtas de accesorios,,17 de abril de 2026,GOLDTECH (https://app.notion.com/p/GOLDTECH-2949627eeeff81879685ddccf9286eec?pvs=21),Terminado,
form mail corpo,,13 de abril de 2026,COMPARA SOFTWARE (https://app.notion.com/p/COMPARA-SOFTWARE-2ee9627eeeff8054adbbdb46e4455de0?pvs=21),Terminado,
COSTOS,VER CA LATAM FIELDS / AGENTFORCE Y VER SI DEJAR MAIL CORPO,15 de abril de 2026,COMPARA SOFTWARE (https://app.notion.com/p/COMPARA-SOFTWARE-2ee9627eeeff8054adbbdb46e4455de0?pvs=21),Terminado,
DUPLICADO DE CA CON MAIL CORPO,80% DEL PRESUPUESTO,14 de abril de 2026,COMPARA SOFTWARE (https://app.notion.com/p/COMPARA-SOFTWARE-2ee9627eeeff8054adbbdb46e4455de0?pvs=21),Terminado,
APAGAR LOS FINDES GOOGLE ADS,,14 de abril de 2026,COMPARA SOFTWARE (https://app.notion.com/p/COMPARA-SOFTWARE-2ee9627eeeff8054adbbdb46e4455de0?pvs=21),Terminado,
campaña mexico rrhh,,27 de abril de 2026,COMPARA SOFTWARE (https://app.notion.com/p/COMPARA-SOFTWARE-2ee9627eeeff8054adbbdb46e4455de0?pvs=21),Terminado,
ca vtas,,14 de abril de 2026,GO TRAVEL ACADEMY (https://app.notion.com/p/GO-TRAVEL-ACADEMY-2f29627eeeff80309a58d4ced486f125?pvs=21),Terminado,
Terminan los eventos,,29 de abril de 2026,COMPARA SOFTWARE (https://app.notion.com/p/COMPARA-SOFTWARE-2ee9627eeeff8054adbbdb46e4455de0?pvs=21),Terminado,
ca trafico meli,,23 de abril de 2026,NOIRPRESS (https://app.notion.com/p/NOIRPRESS-2ce9627eeeff8090a5afeae41f149996?pvs=21),Terminado,
ca estructura nueva,,21 de abril de 2026,NOIRPRESS (https://app.notion.com/p/NOIRPRESS-2ce9627eeeff8090a5afeae41f149996?pvs=21),Terminado,
Cant leads salesforce,,19 de abril de 2026,COMPARA SOFTWARE (https://app.notion.com/p/COMPARA-SOFTWARE-2ee9627eeeff8054adbbdb46e4455de0?pvs=21),Terminado,
"nuevos creativos ",,21 de abril de 2026,NOIRPRESS (https://app.notion.com/p/NOIRPRESS-2ce9627eeeff8090a5afeae41f149996?pvs=21),Terminado,
CREATIVOS PROP,,20 de abril de 2026,Inmobiliaria Obregón (https://app.notion.com/p/Inmobiliaria-Obreg-n-30c9627eeeff80e0b22cca9b9c6ee3d2?pvs=21),Terminado,
ca usados,"ahora 60 dias de garantia + funda, vidrio y cargador de regalo",22 de abril de 2026,GOLDTECH (https://app.notion.com/p/GOLDTECH-2949627eeeff81879685ddccf9286eec?pvs=21),Terminado,
EDITAR trafico al perfil,SACAR SORTEO,30 de abril de 2026 12:00 (GMT-3),NOIRPRESS (https://app.notion.com/p/NOIRPRESS-2ce9627eeeff8090a5afeae41f149996?pvs=21),Terminado,
creativo nueva casa,,23 de abril de 2026,PAULA OIKOS (https://app.notion.com/p/PAULA-OIKOS-3139627eeeff80b78c04e205c32fb55f?pvs=21),Terminado,
Nuevos creativos,,23 de abril de 2026,RAMINI (https://app.notion.com/p/RAMINI-2d59627eeeff8069a211e8473727a0ba?pvs=21),Terminado,
creativos y ca gral,Inv de mercado y pedido,27 de abril de 2026,THE ROSS (https://app.notion.com/p/THE-ROSS-2949627eeeff81a98e21d8627c0c1067?pvs=21),Terminado,
creativos,Subir y pedir nuevos,29 de abril de 2026,RAMINI (https://app.notion.com/p/RAMINI-2d59627eeeff8069a211e8473727a0ba?pvs=21),Terminado,
"estados contables ","Activo, Pasivo , PN y analisis horizontal",27 de abril de 2026,GOLDTECH (https://app.notion.com/p/GOLDTECH-2949627eeeff81879685ddccf9286eec?pvs=21),Terminado,
metricas financieras,"Cant de capital sellados, usados y otros, cant de entrega directa y olan canje, cant de vta mayorista y cons final",27 de abril de 2026,GOLDTECH (https://app.notion.com/p/GOLDTECH-2949627eeeff81879685ddccf9286eec?pvs=21),Terminado,
ca nuevas prop y marca personal,,27 de abril de 2026,PAULA OIKOS (https://app.notion.com/p/PAULA-OIKOS-3139627eeeff80b78c04e205c32fb55f?pvs=21),Terminado,
sumar creativo,CORTADERAS,30 de abril de 2026,Inmobiliaria Obregón (https://app.notion.com/p/Inmobiliaria-Obreg-n-30c9627eeeff80e0b22cca9b9c6ee3d2?pvs=21),Terminado,
ca usados,"Activo, Pasivo , PN y analisis horizontal",27 de abril de 2026,GOLDTECH (https://app.notion.com/p/GOLDTECH-2949627eeeff81879685ddccf9286eec?pvs=21),Terminado,
creativos cuotas,,5 de mayo de 2026,GO TRAVEL ACADEMY (https://app.notion.com/p/GO-TRAVEL-ACADEMY-2f29627eeeff80309a58d4ced486f125?pvs=21),Terminado,
ver form con otro y fecha y creativos,,11 de mayo de 2026,RISPOLI VIAJES (https://app.notion.com/p/RISPOLI-VIAJES-3179627eeeff80ba8a88f07335737229?pvs=21),Terminado,
ca general,,30 de abril de 2026,THE ROSS (https://app.notion.com/p/THE-ROSS-2949627eeeff81a98e21d8627c0c1067?pvs=21),Terminado,
creativos drive nuevo,,6 de mayo de 2026,RISPOLI TEENS (https://app.notion.com/p/RISPOLI-TEENS-3029627eeeff80fe8bf6c7d3ff151bff?pvs=21),Terminado,
crativos,,30 de abril de 2026,AUTOMENDOZA (https://app.notion.com/p/AUTOMENDOZA-2ce9627eeeff80b5ab8fc39167cb7571?pvs=21),Terminado,
ca sellados,,19 de mayo de 2026,GOLDTECH (https://app.notion.com/p/GOLDTECH-2949627eeeff81879685ddccf9286eec?pvs=21),Terminado,
enviar pedido creativos,,30 de abril de 2026,RAMINI (https://app.notion.com/p/RAMINI-2d59627eeeff8069a211e8473727a0ba?pvs=21),Terminado,
enviar pedido creativos,,30 de abril de 2026,NOIRPRESS (https://app.notion.com/p/NOIRPRESS-2ce9627eeeff8090a5afeae41f149996?pvs=21),Terminado,
HOT SALE,11 AL 13,11 de mayo de 2026,,Terminado,
Disney familia con las 15k,,19 de junio de 2026,RISPOLI VIAJES (https://app.notion.com/p/RISPOLI-VIAJES-3179627eeeff80ba8a88f07335737229?pvs=21),Low,
mantenimiento de cuenta,hablar gaston,11 de mayo de 2026,,Terminado,
reportes de metricas,,11 de mayo de 2026,Inmobiliaria Obregón (https://app.notion.com/p/Inmobiliaria-Obreg-n-30c9627eeeff80e0b22cca9b9c6ee3d2?pvs=21),Terminado,
garage 25 mayo ca wsp,,11 de mayo de 2026,GARAGE (https://app.notion.com/p/GARAGE-2ce9627eeeff805eba21ee3342494772?pvs=21),Terminado,
HOT SALE,,10 de mayo de 2026,RAMINI (https://app.notion.com/p/RAMINI-2d59627eeeff8069a211e8473727a0ba?pvs=21),Terminado,
HOT SALE,,11 de mayo de 2026,THE ROSS (https://app.notion.com/p/THE-ROSS-2949627eeeff81a98e21d8627c0c1067?pvs=21),Terminado,
HOT SALE,,11 de mayo de 2026,NOIRPRESS (https://app.notion.com/p/NOIRPRESS-2ce9627eeeff8090a5afeae41f149996?pvs=21),Terminado,
creativos,,19 de mayo de 2026,PAULA OIKOS (https://app.notion.com/p/PAULA-OIKOS-3139627eeeff80b78c04e205c32fb55f?pvs=21),Terminado,
HOT SALE,,11 de mayo de 2026,RISPOLI VIAJES (https://app.notion.com/p/RISPOLI-VIAJES-3179627eeeff80ba8a88f07335737229?pvs=21),Terminado,
nuevos creativos,,11 de mayo de 2026,GO TRAVEL ACADEMY (https://app.notion.com/p/GO-TRAVEL-ACADEMY-2f29627eeeff80309a58d4ced486f125?pvs=21),Terminado,
HOT SALE,,11 de mayo de 2026,RISPOLI TEENS (https://app.notion.com/p/RISPOLI-TEENS-3029627eeeff80fe8bf6c7d3ff151bff?pvs=21),Terminado,
Inv de mercado y pedido creativos,,19 de mayo de 2026,RISPOLI TEENS (https://app.notion.com/p/RISPOLI-TEENS-3029627eeeff80fe8bf6c7d3ff151bff?pvs=21),Terminado,
Facturacion usados sistema de gestion,,11 de mayo de 2026,GOLDTECH (https://app.notion.com/p/GOLDTECH-2949627eeeff81879685ddccf9286eec?pvs=21),Terminado,
Estados contables sistema de gestion,,11 de mayo de 2026,GOLDTECH (https://app.notion.com/p/GOLDTECH-2949627eeeff81879685ddccf9286eec?pvs=21),Terminado,
revisar todos los procesos,,19 de mayo de 2026,GOLDTECH (https://app.notion.com/p/GOLDTECH-2949627eeeff81879685ddccf9286eec?pvs=21),Terminado,
compras de iphone,,19 de mayo de 2026,GOLDTECH (https://app.notion.com/p/GOLDTECH-2949627eeeff81879685ddccf9286eec?pvs=21),Terminado,
foto facu,,18 de mayo de 2026,GOLDTECH (https://app.notion.com/p/GOLDTECH-2949627eeeff81879685ddccf9286eec?pvs=21),Terminado,
cele viaje,,18 de mayo de 2026,RISPOLI VIAJES (https://app.notion.com/p/RISPOLI-VIAJES-3179627eeeff80ba8a88f07335737229?pvs=21),Terminado,
crativos,,18 de mayo de 2026,RAMINI (https://app.notion.com/p/RAMINI-2d59627eeeff8069a211e8473727a0ba?pvs=21),Terminado,
desvincular catalogo the ross y volver a vincular,,20 de mayo de 2026,THE ROSS (https://app.notion.com/p/THE-ROSS-2949627eeeff81a98e21d8627c0c1067?pvs=21),Terminado,
Nuevas ca invierno,,,RAMINI (https://app.notion.com/p/RAMINI-2d59627eeeff8069a211e8473727a0ba?pvs=21),Terminado,
claude,,,GOLDTECH (https://app.notion.com/p/GOLDTECH-2949627eeeff81879685ddccf9286eec?pvs=21),Terminado,
ca argentina,,,GOLDTECH (https://app.notion.com/p/GOLDTECH-2949627eeeff81879685ddccf9286eec?pvs=21),Terminado,
facturar usados,,1 de junio de 2026,GOLDTECH (https://app.notion.com/p/GOLDTECH-2949627eeeff81879685ddccf9286eec?pvs=21),Terminado,
nuevas ca calificadas y msjs para medir,,,PAULA OIKOS (https://app.notion.com/p/PAULA-OIKOS-3139627eeeff80b78c04e205c32fb55f?pvs=21),Terminado,
plata gta,,,GO TRAVEL ACADEMY (https://app.notion.com/p/GO-TRAVEL-ACADEMY-2f29627eeeff80309a58d4ced486f125?pvs=21),Terminado,
"cierre de mes ",,31 de mayo de 2026,GOLDTECH (https://app.notion.com/p/GOLDTECH-2949627eeeff81879685ddccf9286eec?pvs=21),Terminado,
cotizar agencia de viajes,,,,Terminado,
Cambiar seg y marcar vtas,,1 de junio de 2026,RISPOLI VIAJES (https://app.notion.com/p/RISPOLI-VIAJES-3179627eeeff80ba8a88f07335737229?pvs=21),Terminado,
"Cambiar seg ",,7 de junio de 2026,RISPOLI TEENS (https://app.notion.com/p/RISPOLI-TEENS-3029627eeeff80fe8bf6c7d3ff151bff?pvs=21),Terminado,
ACTUALIZAR CA MAC Y USADOS,,1 de junio de 2026,GOLDTECH (https://app.notion.com/p/GOLDTECH-2949627eeeff81879685ddccf9286eec?pvs=21),Terminado,
analizar precios,,1 de junio de 2026,GOLDTECH (https://app.notion.com/p/GOLDTECH-2949627eeeff81879685ddccf9286eec?pvs=21),Terminado,
rispoli viajes nueva ca 15k,,7 de junio de 2026,RISPOLI VIAJES (https://app.notion.com/p/RISPOLI-VIAJES-3179627eeeff80ba8a88f07335737229?pvs=21),Terminado,
provincias,,8 de junio de 2026,RISPOLI TEENS (https://app.notion.com/p/RISPOLI-TEENS-3029627eeeff80fe8bf6c7d3ff151bff?pvs=21),Terminado,
grabar ca seleccion + placa,,,GOLDTECH (https://app.notion.com/p/GOLDTECH-2949627eeeff81879685ddccf9286eec?pvs=21),Terminado,
prueba nuevas segmentaciones,,7 de junio de 2026,Inmobiliaria Obregón (https://app.notion.com/p/Inmobiliaria-Obreg-n-30c9627eeeff80e0b22cca9b9c6ee3d2?pvs=21),Terminado,
campaña de trafico web,,19 de junio de 2026,Inmobiliaria Obregón (https://app.notion.com/p/Inmobiliaria-Obreg-n-30c9627eeeff80e0b22cca9b9c6ee3d2?pvs=21),Low,
"nuevos creativos ",,,NOIRPRESS (https://app.notion.com/p/NOIRPRESS-2ce9627eeeff8090a5afeae41f149996?pvs=21),Terminado,
pasar pixel programador,,,Inmobiliaria Obregón (https://app.notion.com/p/Inmobiliaria-Obreg-n-30c9627eeeff80e0b22cca9b9c6ee3d2?pvs=21),Terminado,
REPORTES METRICAS,,,Inmobiliaria Obregón (https://app.notion.com/p/Inmobiliaria-Obreg-n-30c9627eeeff80e0b22cca9b9c6ee3d2?pvs=21),Terminado,
dolar app,,9 de junio de 2026,RISPOLI VIAJES (https://app.notion.com/p/RISPOLI-VIAJES-3179627eeeff80ba8a88f07335737229?pvs=21),Terminado,
Resto de las provincias,,12 de junio de 2026,RISPOLI TEENS (https://app.notion.com/p/RISPOLI-TEENS-3029627eeeff80fe8bf6c7d3ff151bff?pvs=21),Terminado,
Nuevos cursos,,,GO TRAVEL ACADEMY (https://app.notion.com/p/GO-TRAVEL-ACADEMY-2f29627eeeff80309a58d4ced486f125?pvs=21),Terminado,
cotizaciones nuevos clientes,,,,Terminado,
historia y grupos camisetas,,,,Terminado,
pm por depto maipu video palo,,,Inmobiliaria Obregón (https://app.notion.com/p/Inmobiliaria-Obreg-n-30c9627eeeff80e0b22cca9b9c6ee3d2?pvs=21),Terminado,
nuevo video goldtech,,,GOLDTECH (https://app.notion.com/p/GOLDTECH-2949627eeeff81879685ddccf9286eec?pvs=21),Terminado,
nuevas prop + subir creativos pau,,19 de junio de 2026,PAULA OIKOS (https://app.notion.com/p/PAULA-OIKOS-3139627eeeff80b78c04e205c32fb55f?pvs=21),Medium,
placa nueva,,12 de junio de 2026,GO TRAVEL ACADEMY (https://app.notion.com/p/GO-TRAVEL-ACADEMY-2f29627eeeff80309a58d4ced486f125?pvs=21),Terminado,
"placa nueva ",,12 de junio de 2026,RISPOLI VIAJES (https://app.notion.com/p/RISPOLI-VIAJES-3179627eeeff80ba8a88f07335737229?pvs=21),Terminado,
nuevo wpp,,12 de junio de 2026,GOLDTECH (https://app.notion.com/p/GOLDTECH-2949627eeeff81879685ddccf9286eec?pvs=21),Terminado,
inicio del trabajo,,12 de junio de 2026,EPIC WORLD (https://app.notion.com/p/EPIC-WORLD-37d9627eeeff80819c4fdc2517bf37b6?pvs=21),Terminado,
revision y nuevos creativos,,12 de junio de 2026,NOIRPRESS (https://app.notion.com/p/NOIRPRESS-2ce9627eeeff8090a5afeae41f149996?pvs=21),Terminado,
apagar tucuman,,21 de agosto de 2026,RISPOLI TEENS (https://app.notion.com/p/RISPOLI-TEENS-3029627eeeff80fe8bf6c7d3ff151bff?pvs=21),Low,
apagar san rafael,,12 de junio de 2026,RISPOLI TEENS (https://app.notion.com/p/RISPOLI-TEENS-3029627eeeff80fe8bf6c7d3ff151bff?pvs=21),Terminado,
apagar la rioja,,3 de julio de 2026,RISPOLI TEENS (https://app.notion.com/p/RISPOLI-TEENS-3029627eeeff80fe8bf6c7d3ff151bff?pvs=21),Low,
apagar catamarca,,26 de junio de 2026,RISPOLI TEENS (https://app.notion.com/p/RISPOLI-TEENS-3029627eeeff80fe8bf6c7d3ff151bff?pvs=21),Low,
Creativos,,12 de junio de 2026,EPIC WORLD (https://app.notion.com/p/EPIC-WORLD-37d9627eeeff80819c4fdc2517bf37b6?pvs=21),Terminado,
"Creativos ",,12 de junio de 2026,GO TRAVEL ACADEMY (https://app.notion.com/p/GO-TRAVEL-ACADEMY-2f29627eeeff80309a58d4ced486f125?pvs=21),Terminado,
placa,,12 de junio de 2026,RISPOLI VIAJES (https://app.notion.com/p/RISPOLI-VIAJES-3179627eeeff80ba8a88f07335737229?pvs=21),Terminado,
apagar rosario,,27 de julio de 2026,RISPOLI TEENS (https://app.notion.com/p/RISPOLI-TEENS-3029627eeeff80fe8bf6c7d3ff151bff?pvs=21),Low,
apagar cordoba,,17 de agosto de 2026,RISPOLI TEENS (https://app.notion.com/p/RISPOLI-TEENS-3029627eeeff80fe8bf6c7d3ff151bff?pvs=21),Low,
ANALISIS ESTRATEGICO,,18 de junio de 2026,GOLDTECH (https://app.notion.com/p/GOLDTECH-2949627eeeff81879685ddccf9286eec?pvs=21),Terminado,